

insert into `Cabinet` (`cabinet_id`, `title`) values
    (31, 'Ráðuneyti Sigurðar Inga Jóhannssonar'),
    (30, 'Ráðuneyti Sigmundar Davíðs Gunnlaugssonar'),
    (29, 'Annað ráðuneyti Jóhönnu Sigurðardóttur'),
    (28, 'Ráðuneyti Jóhönnu Sigurðardóttur'),
    (27, 'Annað ráðuneyti Geirs H. Haarde'),
    (26, 'Ráðuneyti Geirs H. Haarde'),
    (25, 'Ráðuneyti Halldórs Ásgrímssonar'),
    (24, 'Fjórða ráðuneyti Davíðs Oddssonar'),
    (23, 'Þriðja ráðuneyti Davíðs Oddssonar'),
    (22, 'Annað ráðuneyti Davíðs Oddssonar'),
    (21, 'Ráðuneyti Davíðs Oddssonar'),
    (20, 'Þriðja ráðuneyti Steingríms Hermannssonar'),
    (19, 'Annað ráðuneyti Steingríms Hermannssonar'),
    (18, 'Ráðuneyti Þorsteins Pálssonar'),
    (17, 'Ráðuneyti Steingríms Hermannssonar'),
    (16, 'Ráðuneyti Gunnars Thoroddsens'),
    (15, 'Ráðuneyti Benedikts Gröndals'),
    (14, 'Annað ráðuneyti Ólafs Jóhannessonar'),
    (13, 'Ráðuneyti Geirs Hallgrímssonar'),
    (12, 'Fyrsta ráðuneyti Ólafs Jóhannessonar'),
    (11, 'Ráðuneyti Jóhanns Hafstein'),
    (10, 'Ráðuneyti Bjarna Benediktssonar'),
    (9, 'Fimmta ráðuneyti Ólafs Thors'),
    (8, 'Ráðuneyti Emils Jónssonar'),
    (7, 'Fimmta ráðuneyti Hermanns Jónassonar'),
    (6, 'Fjórða ráðuneyti Ólafs Thors'),
    (5, 'Ráðuneyti Steingríms Steinþórssonar'),
    (4, 'Þriðja ráðuneyti Ólafs Thors'),
    (3, 'Ráðuneyti Stefáns Jóh. Stefánssonar'),
    (2, 'Annað ráðuneyti Ólafs Thors'),
    (1, 'Ráðuneyti Björns Þórðarsonar');
insert into `Cabinet_has_Assembly` (`cabinet_id`, `assembly_id`) values
    (31, 145);
    
insert into `Cabinet_has_Assembly` (`cabinet_id`, `assembly_id`) values
    (30, 142),
    (30, 143),
    (30, 144),
    (30, 145);

insert into `Cabinet_has_Assembly` (`cabinet_id`, `assembly_id`) values
    (29, 138),
    (29, 139),
    (29, 140),
    (29, 141);

insert into `Cabinet_has_Assembly` (`cabinet_id`, `assembly_id`) values
    (28, 137);

insert into `Cabinet_has_Assembly` (`cabinet_id`, `assembly_id`) values
    (27, 134),
    (27, 135),
    (27, 136);

insert into `Cabinet_has_Assembly` (`cabinet_id`, `assembly_id`) values
    (26, 133);

insert into `Cabinet_has_Assembly` (`cabinet_id`, `assembly_id`) values
    (25, 131),
    (25, 132);

insert into `Cabinet_has_Assembly` (`cabinet_id`, `assembly_id`) values
    (24, 129),
    (24, 130);

insert into `Cabinet_has_Assembly` (`cabinet_id`, `assembly_id`) values
    (23, 124),
    (23, 125),
    (23, 126),
    (23, 127),
    (23, 128);

insert into `Cabinet_has_Assembly` (`cabinet_id`, `assembly_id`) values
    (22, 119),
    (22, 120),
    (22, 121),
    (22, 122),
    (22, 123);

insert into `Cabinet_has_Assembly` (`cabinet_id`, `assembly_id`) values
    (21, 114),
    (21, 115),
    (21, 116),
    (21, 117),
    (21, 118);

insert into `Cabinet_has_Assembly` (`cabinet_id`, `assembly_id`) values
    (20, 112),
    (20, 113);

insert into `Cabinet_has_Assembly` (`cabinet_id`, `assembly_id`) values
    (19, 111);

insert into `Cabinet_has_Assembly` (`cabinet_id`, `assembly_id`) values
    (18, 110);

insert into `Cabinet_has_Assembly` (`cabinet_id`, `assembly_id`) values
    (17, 106),
    (17, 107),
    (17, 108),
    (17, 109);

insert into `Cabinet_has_Assembly` (`cabinet_id`, `assembly_id`) values
    (16, 103),
    (16, 104),
    (16, 105);

insert into `Cabinet_has_Assembly` (`cabinet_id`, `assembly_id`) values
    (15, 102);

insert into `Cabinet_has_Assembly` (`cabinet_id`, `assembly_id`) values
    (14, 100),
    (14, 101);

insert into `Cabinet_has_Assembly` (`cabinet_id`, `assembly_id`) values
    (13, 96),
    (13, 97),
    (13, 98),
    (13, 99);

insert into `Cabinet_has_Assembly` (`cabinet_id`, `assembly_id`) values
    (12, 92),
    (12, 93),
    (12, 94),
    (12, 95);

insert into `Cabinet_has_Assembly` (`cabinet_id`, `assembly_id`) values
    (11, 91);

insert into `Cabinet_has_Assembly` (`cabinet_id`, `assembly_id`) values
    (10, 85),
    (10, 86),
    (10, 87),
    (10, 88),
    (10, 89),
    (10, 90);

insert into `Cabinet_has_Assembly` (`cabinet_id`, `assembly_id`) values
    (9, 80),
    (9, 81),
    (9, 82),
    (9, 83),
    (9, 84);

insert into `Cabinet_has_Assembly` (`cabinet_id`, `assembly_id`) values
    (8, 79),
    (8, 80);

insert into `Cabinet_has_Assembly` (`cabinet_id`, `assembly_id`) values
    (7, 76),
    (7, 77),
    (7, 78);

insert into `Cabinet_has_Assembly` (`cabinet_id`, `assembly_id`) values
    (6, 73),
    (6, 74),
    (6, 75);

insert into `Cabinet_has_Assembly` (`cabinet_id`, `assembly_id`) values
    (5, 70),
    (5, 71),
    (5, 72);

insert into `Cabinet_has_Assembly` (`cabinet_id`, `assembly_id`) values
    (4, 70);

insert into `Cabinet_has_Assembly` (`cabinet_id`, `assembly_id`) values
    (3, 67),
    (3, 68),
    (3, 69);

insert into `Cabinet_has_Assembly` (`cabinet_id`, `assembly_id`) values
    (2, 64),
    (2, 65),
    (2, 66);

insert into `Cabinet_has_Assembly` (`cabinet_id`, `assembly_id`) values
    (1, 62),
    (1, 63);


insert into `Cabinet_has_Congressman` (`cabinet_id`, `congressman_id`, `title`, `from`, `to`) values
    (31, 726, 'Forsætisráðherra', 						'2016-04-07', null),
    (31, 652, 'Fjármálasráðherra', 						'2016-04-07', null),
    (31, 692, 'Innanríkisráðherra', 					'2016-04-07', null),
    (31, 722, 'Sjávarútvegs- og landbúnaðarráðherra', 	'2016-04-07', null),
    (31, 693, 'Iðnaðar- og viðskiptaráðherra', 			'2016-04-07', null),
    (31, 934, 'Umhverfis- og auðlindaráðherra', 		'2016-04-07', null),
    (31, 687, 'Mennta- og menningarmálaráðherra', 		'2016-04-07', null),
    (31, 703, 'Félags- og húsnæðismálaráðherra', 		'2016-04-07', null),
    (31, 691, 'Heilbrigðisráðherra', 					'2016-04-07', null);


insert into `Cabinet_has_Congressman` (`cabinet_id`, `congressman_id`, `title`, `from`, `to`) values
    (30, 729, 'Forsætisráðherra', 						'2013-05-23', '2016-04-07'),
    (30, 729, 'Dómsmálaráðherra', 						'2014-08-04', '2016-12-04'),
    (30, 652, 'Fjármála- og efnahagsráðherra', 			'2013-05-23', '2016-04-07'),
    (30, 693, 'Iðnaðar- og viðskiptaráðherra', 			'2013-05-23', '2016-04-07'),
    (30, 1163, 'Innanríkisráðherra', 					'2013-05-23', '2014-12-04'),
    (30, 687, 'Mennta- og menningarmálaráðherra', 		'2013-05-23', '2016-04-07'),
    (30, 726, 'Sjávarútvegs- og landbúnaðarráðherra', 	'2013-05-23', '2016-04-07'),
    (30, 726, 'Umhverfis- og auðlindaráðherra', 		'2013-05-23', '2014-12-31'),
    (30, 722, 'Utanríkisráðherra', 						'2013-05-23', '2016-04-07'),
    (30, 691, 'Heilbrigðisráðherra', 					'2013-05-23', '2016-04-07'),
    (30, 703, 'Félags- og húsnæðismálaráðherra', 		'2013-05-23', '2016-04-07'),
    (30, 692, 'Innanríkisráðherra', 					'2014-12-04', '2016-04-07'),
    (30, 934, 'Umhverfis- og auðlindaráðherra', 		'2014-12-31', '2016-04-07');
